{
  "project_info": {
    "project_number": "528564173895",
    "firebase_url": "https://the-wellness-corner.firebaseio.com",
    "project_id": "the-wellness-corner",
    "storage_bucket": "the-wellness-corner.appspot.com"
  },
  "client": [
    {
      "client_info": {
        "mobilesdk_app_id": "1:528564173895:android:34651b964c8f7cb3",
        "android_client_info": {
          "package_name": "com.truworth.wellnesscorner"
        }
      },
      "oauth_client": [
        {
          "client_id": "528564173895-gi5ddotjdkmi4ahe7v3i4bg0sb671ihp.apps.googleusercontent.com",
          "client_type": 1,
          "android_info": {
            "package_name": "com.truworth.wellnesscorner",
            "certificate_hash": "30ae84cf93880158fb133f2273fd716562d11878"
          }
        },
        {
          "client_id": "528564173895-dncgo7asriv3p12sponftr4fqrhp15bj.apps.googleusercontent.com",
          "client_type": 1,
          "android_info": {
            "package_name": "com.truworth.wellnesscorner",
            "certificate_hash": "ef7ae92e10b0772f9001cb3a106ab3f0174d84b8"
          }
        },
        {
          "client_id": "528564173895-kvc3mkqnm2fk57t00j26noeggq2n6l7g.apps.googleusercontent.com",
          "client_type": 1,
          "android_info": {
            "package_name": "com.truworth.wellnesscorner",
            "certificate_hash": "9dc3c82e2cddf733e9fa92499c042692d9254f57"
          }
        },
        {
          "client_id": "528564173895-1n8q07usqps2e1t2scseojcke528vamp.apps.googleusercontent.com",
          "client_type": 3
        }
      ],
      "api_key": [
        {
          "current_key": "AIzaSyCNz_qm6QKtQGEgsBIwSQItzq865YUANqA"
        }
      ],
      "services": {
        "analytics_service": {
          "status": 1
        },
        "appinvite_service": {
          "status": 2,
          "other_platform_oauth_client": [
            {
              "client_id": "528564173895-1n8q07usqps2e1t2scseojcke528vamp.apps.googleusercontent.com",
              "client_type": 3
            },
            {
              "client_id": "528564173895-b7v4usbte74vd64v584m8pbgofjtivrg.apps.googleusercontent.com",
              "client_type": 2,
              "ios_info": {
                "bundle_id": "com.Truworth.Wellness"
              }
            }
          ]
        },
        "ads_service": {
          "status": 2
        }
      }
    },
    {
      "client_info": {
        "mobilesdk_app_id": "1:528564173895:android:7f89a74841d9d93d",
        "android_client_info": {
          "package_name": "com.truworth.wellnesscorner.debug"
        }
      },
      "oauth_client": [
        {
          "client_id": "528564173895-784u3e39dngj93pcjkgitrmmb73q8chh.apps.googleusercontent.com",
          "client_type": 1,
          "android_info": {
            "package_name": "com.truworth.wellnesscorner.debug",
            "certificate_hash": "9dc3c82e2cddf733e9fa92499c042692d9254f57"
          }
        },
        {
          "client_id": "528564173895-1n8q07usqps2e1t2scseojcke528vamp.apps.googleusercontent.com",
          "client_type": 3
        }
      ],
      "api_key": [
        {
          "current_key": "AIzaSyCNz_qm6QKtQGEgsBIwSQItzq865YUANqA"
        }
      ],
      "services": {
        "analytics_service": {
          "status": 1
        },
        "appinvite_service": {
          "status": 2,
          "other_platform_oauth_client": [
            {
              "client_id": "528564173895-1n8q07usqps2e1t2scseojcke528vamp.apps.googleusercontent.com",
              "client_type": 3
            },
            {
              "client_id": "528564173895-b7v4usbte74vd64v584m8pbgofjtivrg.apps.googleusercontent.com",
              "client_type": 2,
              "ios_info": {
                "bundle_id": "com.Truworth.Wellness"
              }
            }
          ]
        },
        "ads_service": {
          "status": 2
        }
      }
    },
    {
      "client_info": {
        "mobilesdk_app_id": "1:528564173895:android:b501d7a4700c6ac2",
        "android_client_info": {
          "package_name": "com.truworth.wellnesscorner.demo"
        }
      },
      "oauth_client": [
        {
          "client_id": "528564173895-nvagttdhas47jda6q11uihvhcj373tv4.apps.googleusercontent.com",
          "client_type": 1,
          "android_info": {
            "package_name": "com.truworth.wellnesscorner.demo",
            "certificate_hash": "55e9bf063bde1fd27aed6338b30209bb65939e3f"
          }
        },
        {
          "client_id": "528564173895-1n8q07usqps2e1t2scseojcke528vamp.apps.googleusercontent.com",
          "client_type": 3
        }
      ],
      "api_key": [
        {
          "current_key": "AIzaSyCNz_qm6QKtQGEgsBIwSQItzq865YUANqA"
        }
      ],
      "services": {
        "analytics_service": {
          "status": 1
        },
        "appinvite_service": {
          "status": 2,
          "other_platform_oauth_client": [
            {
              "client_id": "528564173895-1n8q07usqps2e1t2scseojcke528vamp.apps.googleusercontent.com",
              "client_type": 3
            },
            {
              "client_id": "528564173895-b7v4usbte74vd64v584m8pbgofjtivrg.apps.googleusercontent.com",
              "client_type": 2,
              "ios_info": {
                "bundle_id": "com.Truworth.Wellness"
              }
            }
          ]
        },
        "ads_service": {
          "status": 2
        }
      }
    },
    {
      "client_info": {
        "mobilesdk_app_id": "1:528564173895:android:fd9fa6d6f593542c",
        "android_client_info": {
          "package_name": "com.truworth.wellnesscorner.staging"
        }
      },
      "oauth_client": [
        {
          "client_id": "528564173895-30e527nq2nqgpqln8bvh6oq23fu3oegf.apps.googleusercontent.com",
          "client_type": 1,
          "android_info": {
            "package_name": "com.truworth.wellnesscorner.staging",
            "certificate_hash": "9dc3c82e2cddf733e9fa92499c042692d9254f57"
          }
        },
        {
          "client_id": "528564173895-tqenl8elogiis68vfttusmdpc0t820sq.apps.googleusercontent.com",
          "client_type": 1,
          "android_info": {
            "package_name": "com.truworth.wellnesscorner.staging",
            "certificate_hash": "30ae84cf93880158fb133f2273fd716562d11878"
          }
        },
        {
          "client_id": "528564173895-1n8q07usqps2e1t2scseojcke528vamp.apps.googleusercontent.com",
          "client_type": 3
        }
      ],
      "api_key": [
        {
          "current_key": "AIzaSyCNz_qm6QKtQGEgsBIwSQItzq865YUANqA"
        }
      ],
      "services": {
        "analytics_service": {
          "status": 1
        },
        "appinvite_service": {
          "status": 2,
          "other_platform_oauth_client": [
            {
              "client_id": "528564173895-1n8q07usqps2e1t2scseojcke528vamp.apps.googleusercontent.com",
              "client_type": 3
            },
            {
              "client_id": "528564173895-b7v4usbte74vd64v584m8pbgofjtivrg.apps.googleusercontent.com",
              "client_type": 2,
              "ios_info": {
                "bundle_id": "com.Truworth.Wellness"
              }
            }
          ]
        },
        "ads_service": {
          "status": 2
        }
      }
    },
    {
      "client_info": {
        "mobilesdk_app_id": "1:528564173895:android:73b70b8d4a1a66ea",
        "android_client_info": {
          "package_name": "com.twccoachnew"
        }
      },
      "oauth_client": [
        {
          "client_id": "528564173895-1n8q07usqps2e1t2scseojcke528vamp.apps.googleusercontent.com",
          "client_type": 3
        }
      ],
      "api_key": [
        {
          "current_key": "AIzaSyCNz_qm6QKtQGEgsBIwSQItzq865YUANqA"
        }
      ],
      "services": {
        "analytics_service": {
          "status": 1
        },
        "appinvite_service": {
          "status": 1,
          "other_platform_oauth_client": []
        },
        "ads_service": {
          "status": 2
        }
      }
    },
    {
      "client_info": {
        "mobilesdk_app_id": "1:528564173895:android:6a4ed01428b09834",
        "android_client_info": {
          "package_name": "com.wellnesscorner.coach"
        }
      },
      "oauth_client": [
        {
          "client_id": "528564173895-knfia2grb56v29sqmacem1jr2l58cp8a.apps.googleusercontent.com",
          "client_type": 1,
          "android_info": {
            "package_name": "com.wellnesscorner.coach",
            "certificate_hash": "be686129f50cadcf08c9c01199ddff4c5e9cc992"
          }
        },
        {
          "client_id": "528564173895-7tsv9f0jpjva2o79s5qmc1usq445ki54.apps.googleusercontent.com",
          "client_type": 1,
          "android_info": {
            "package_name": "com.wellnesscorner.coach",
            "certificate_hash": "07c348519c1cea1964a0f8a54ed8879f9ebdfad8"
          }
        },
        {
          "client_id": "528564173895-1n8q07usqps2e1t2scseojcke528vamp.apps.googleusercontent.com",
          "client_type": 3
        }
      ],
      "api_key": [
        {
          "current_key": "AIzaSyCNz_qm6QKtQGEgsBIwSQItzq865YUANqA"
        }
      ],
      "services": {
        "analytics_service": {
          "status": 1
        },
        "appinvite_service": {
          "status": 2,
          "other_platform_oauth_client": [
            {
              "client_id": "528564173895-1n8q07usqps2e1t2scseojcke528vamp.apps.googleusercontent.com",
              "client_type": 3
            },
            {
              "client_id": "528564173895-b7v4usbte74vd64v584m8pbgofjtivrg.apps.googleusercontent.com",
              "client_type": 2,
              "ios_info": {
                "bundle_id": "com.Truworth.Wellness"
              }
            }
          ]
        },
        "ads_service": {
          "status": 2
        }
      }
    }
  ],
  "configuration_version": "1"
}